tx_id,step,timestamp_sec,source_vpa,target_vpa,amount,tx_type,dwell_time_sec,is_fraud,is_flagged_fraud,source_balance_before,source_balance_after,target_balance_before,target_balance_after,source_account_age_hours,target_account_age_hours
TXN_1001,100,1790760428,user_01@oksbi,merchant_01@okhdfcbank,2606.55,MERCHANT_PAYMENT,53733.3,0,0,50000.0,47393.45,120000.0,122606.55,4403.6,7320.6
TXN_1002,30,1790770945,user_02@okicici,merchant_02@okicici,933.32,MERCHANT_PAYMENT,51196.3,0,0,50000.0,49066.68,120000.0,120933.32,1633.2,7537.8
TXN_1003,47,1790833017,user_03@okaxis,merchant_03@okaxis,3075.4,MERCHANT_PAYMENT,38069.7,0,0,50000.0,46924.6,120000.0,123075.4,7637.8,4457.7
TXN_1004,70,1790989326,user_04@okaxis,merchant_04@oksbi,4741.22,MERCHANT_PAYMENT,66849.0,0,0,50000.0,45258.78,120000.0,124741.22,2486.1,6477.6
TXN_1005,100,1790744579,user_05@okaxis,merchant_05@paytm,1158.58,MERCHANT_PAYMENT,148003.2,0,0,50000.0,48841.42,120000.0,121158.58,7873.1,4006.4
TXN_1006,8,1790952309,user_06@paytm,merchant_06@okhdfcbank,2289.96,MERCHANT_PAYMENT,255998.6,0,0,50000.0,47710.04,120000.0,122289.96,1859.5,7896.4
TXN_1007,11,1791073815,user_07@okhdfcbank,merchant_07@okicici,2688.35,MERCHANT_PAYMENT,111102.3,0,0,50000.0,47311.65,120000.0,122688.35,7142.8,6756.7
TXN_1008,50,1790845979,user_08@okicici,merchant_08@okaxis,3191.24,MERCHANT_PAYMENT,169735.1,0,0,50000.0,46808.76,120000.0,123191.24,7477.6,6284.2
TXN_1009,31,1791101162,user_09@oksbi,merchant_09@oksbi,3995.55,MERCHANT_PAYMENT,203986.6,0,0,50000.0,46004.45,120000.0,123995.55,2217.7,6151.3
TXN_1010,100,1790824915,user_10@okicici,merchant_10@paytm,2632.56,MERCHANT_PAYMENT,185080.5,0,0,50000.0,47367.44,120000.0,122632.56,5403.8,6089.5
TXN_1011,12,1790777832,user_11@okaxis,merchant_11@okhdfcbank,1078.05,MERCHANT_PAYMENT,34808.6,0,0,50000.0,48921.95,120000.0,121078.05,6267.1,3459.6
TXN_1012,85,1791118334,user_12@okicici,merchant_12@okicici,3391.03,MERCHANT_PAYMENT,169579.8,0,0,50000.0,46608.97,120000.0,123391.03,2924.7,1689.7
TXN_1013,89,1790815364,user_13@paytm,merchant_13@okaxis,1922.86,MERCHANT_PAYMENT,125267.0,0,0,50000.0,48077.14,120000.0,121922.86,7116.1,2103.6
TXN_1014,35,1790785504,user_14@okaxis,merchant_14@oksbi,2030.64,MERCHANT_PAYMENT,121194.4,0,0,50000.0,47969.36,120000.0,122030.64,8045.2,6503.2
TXN_1015,59,1790963122,user_15@paytm,merchant_15@paytm,1440.5,MERCHANT_PAYMENT,215181.9,0,0,50000.0,48559.5,120000.0,121440.5,3257.5,8649.4
TXN_1016,40,1790926204,user_01@oksbi,merchant_04@oksbi,1225.89,MERCHANT_PAYMENT,207391.7,0,0,50000.0,48774.11,120000.0,121225.89,1556.7,6537.9
TXN_1017,60,1791012451,user_01@oksbi,merchant_13@okaxis,2489.29,MERCHANT_PAYMENT,51417.5,0,0,50000.0,47510.71,120000.0,122489.29,1556.7,6884.3
TXN_1018,46,1790898114,user_01@oksbi,user_29@paytm,2558.78,P2P_TRANSFER,266021.7,0,0,45000.0,42441.22,25000.0,27558.78,1556.7,5379.1
TXN_1019,76,1791006395,user_02@okicici,merchant_07@okicici,1453.85,MERCHANT_PAYMENT,69501.7,0,0,50000.0,48546.15,120000.0,121453.85,1105.3,8981.0
TXN_1020,63,1790809168,user_02@okicici,user_26@okhdfcbank,572.74,P2P_TRANSFER,107627.3,0,0,45000.0,44427.26,25000.0,25572.74,1105.3,5033.0
TXN_1021,66,1790837691,user_03@okaxis,merchant_02@okicici,4448.34,MERCHANT_PAYMENT,177157.5,0,0,50000.0,45551.66,120000.0,124448.34,4911.1,7849.7
TXN_1022,51,1791111644,user_03@okaxis,user_29@paytm,1074.56,P2P_TRANSFER,567143.5,0,0,45000.0,43925.44,25000.0,26074.56,4911.1,2223.5
TXN_1023,74,1791016937,user_04@okaxis,merchant_13@okaxis,1214.65,MERCHANT_PAYMENT,249055.0,0,0,50000.0,48785.35,120000.0,121214.65,8724.7,7530.4
TXN_1024,9,1791069777,user_04@okaxis,merchant_02@okicici,2825.28,MERCHANT_PAYMENT,218190.7,0,0,50000.0,47174.72,120000.0,122825.28,8724.7,8183.7
TXN_1025,80,1791044177,user_04@okaxis,user_29@paytm,3815.83,P2P_TRANSFER,358847.3,0,0,45000.0,41184.17,25000.0,28815.83,8724.7,2127.9
TXN_1026,18,1791055742,user_05@okaxis,merchant_14@oksbi,3902.88,MERCHANT_PAYMENT,35610.6,0,0,50000.0,46097.12,120000.0,123902.88,2688.7,5806.0
TXN_1027,14,1790853491,user_05@okaxis,merchant_03@okaxis,1350.32,MERCHANT_PAYMENT,184837.5,0,0,50000.0,48649.68,120000.0,121350.32,2688.7,3124.1
TXN_1028,8,1791099829,user_05@okaxis,user_14@okaxis,3337.25,P2P_TRANSFER,12961.7,0,0,45000.0,41662.75,25000.0,28337.25,2688.7,3326.5
TXN_1029,64,1790818533,user_06@paytm,merchant_15@paytm,3033.13,MERCHANT_PAYMENT,83886.8,0,0,50000.0,46966.87,120000.0,123033.13,2319.4,1907.7
TXN_1030,2,1790991576,user_06@paytm,user_11@okaxis,4476.02,P2P_TRANSFER,437111.9,0,0,45000.0,40523.979999999996,25000.0,29476.02,2319.4,2194.3
TXN_1031,76,1790850164,user_07@okhdfcbank,merchant_08@okaxis,1020.53,MERCHANT_PAYMENT,209134.0,0,0,50000.0,48979.47,120000.0,121020.53,1173.1,4174.6
TXN_1032,1,1790727431,user_07@okhdfcbank,merchant_11@okhdfcbank,530.02,MERCHANT_PAYMENT,191592.4,0,0,50000.0,49469.98,120000.0,120530.02,1173.1,5052.0
TXN_1033,92,1790814325,user_07@okhdfcbank,user_30@paytm,3960.22,P2P_TRANSFER,558572.5,0,0,45000.0,41039.78,25000.0,28960.22,1173.1,6796.4
TXN_1034,87,1790948628,user_08@okicici,merchant_07@okicici,4511.97,MERCHANT_PAYMENT,111406.8,0,0,50000.0,45488.03,120000.0,124511.97,6970.2,2251.6
TXN_1035,71,1790804573,user_08@okicici,merchant_10@paytm,930.61,MERCHANT_PAYMENT,7839.0,0,0,50000.0,49069.39,120000.0,120930.61,6970.2,2574.5
TXN_1036,35,1790902199,user_08@okicici,user_25@paytm,683.9,P2P_TRANSFER,190721.8,0,0,45000.0,44316.1,25000.0,25683.9,6970.2,2642.9
TXN_1037,27,1791107597,user_09@oksbi,merchant_03@okaxis,3498.9,MERCHANT_PAYMENT,140142.1,0,0,50000.0,46501.1,120000.0,123498.9,5789.4,4667.7
TXN_1038,92,1790773115,user_09@oksbi,merchant_06@okhdfcbank,3907.41,MERCHANT_PAYMENT,84617.3,0,0,50000.0,46092.59,120000.0,123907.41,5789.4,2921.9
TXN_1039,43,1790913835,user_09@oksbi,user_29@paytm,4087.92,P2P_TRANSFER,155447.5,0,0,45000.0,40912.08,25000.0,29087.92,5789.4,5948.7
TXN_1040,71,1791109013,user_10@okicici,merchant_12@okicici,2092.54,MERCHANT_PAYMENT,24935.8,0,0,50000.0,47907.46,120000.0,122092.54,1140.0,6881.4
TXN_1041,51,1791073357,user_10@okicici,merchant_03@okaxis,2157.92,MERCHANT_PAYMENT,144762.3,0,0,50000.0,47842.08,120000.0,122157.92,1140.0,6978.5
TXN_1042,96,1790951453,user_10@okicici,user_02@okicici,2442.91,P2P_TRANSFER,294552.5,0,0,45000.0,42557.09,25000.0,27442.91,1140.0,5818.7
TXN_1043,93,1790787060,user_11@okaxis,merchant_03@okaxis,1838.23,MERCHANT_PAYMENT,187712.2,0,0,50000.0,48161.77,120000.0,121838.23,5960.5,8033.9
TXN_1044,25,1790753953,user_11@okaxis,merchant_11@okhdfcbank,3202.34,MERCHANT_PAYMENT,107396.9,0,0,50000.0,46797.66,120000.0,123202.34,5960.5,2459.1
TXN_1045,98,1790914340,user_11@okaxis,user_03@okaxis,1802.56,P2P_TRANSFER,438731.4,0,0,45000.0,43197.44,25000.0,26802.56,5960.5,4092.9
TXN_1046,22,1791014184,user_12@okicici,merchant_01@okhdfcbank,1449.04,MERCHANT_PAYMENT,141122.5,0,0,50000.0,48550.96,120000.0,121449.04,1093.9,1599.6
TXN_1047,4,1790867777,user_12@okicici,merchant_05@paytm,1760.48,MERCHANT_PAYMENT,207023.5,0,0,50000.0,48239.52,120000.0,121760.48,1093.9,5695.0
TXN_1048,92,1790950216,user_12@okicici,user_16@okicici,698.8,P2P_TRANSFER,125651.8,0,0,45000.0,44301.2,25000.0,25698.8,1093.9,5803.1
TXN_1049,78,1790987058,user_13@paytm,merchant_03@okaxis,1504.8,MERCHANT_PAYMENT,73148.5,0,0,50000.0,48495.2,120000.0,121504.8,1998.3,6958.3
TXN_1050,93,1791113667,user_13@paytm,merchant_08@okaxis,1042.25,MERCHANT_PAYMENT,238635.1,0,0,50000.0,48957.75,120000.0,121042.25,1998.3,1772.1
TXN_1051,85,1790890581,user_13@paytm,user_19@oksbi,4391.7,P2P_TRANSFER,60335.3,0,0,45000.0,40608.3,25000.0,29391.7,1998.3,5713.8
TXN_1052,74,1790825151,user_14@okaxis,merchant_04@oksbi,3037.11,MERCHANT_PAYMENT,67153.7,0,0,50000.0,46962.89,120000.0,123037.11,6376.4,5768.8
TXN_1053,82,1791045180,user_14@okaxis,user_23@paytm,431.97,P2P_TRANSFER,122024.8,0,0,45000.0,44568.03,25000.0,25431.97,6376.4,8143.6
TXN_1054,84,1791050546,user_15@paytm,merchant_08@okaxis,1162.11,MERCHANT_PAYMENT,165275.2,0,0,50000.0,48837.89,120000.0,121162.11,3913.6,7721.4
TXN_1055,100,1791032890,user_15@paytm,merchant_15@paytm,3295.07,MERCHANT_PAYMENT,24479.8,0,0,50000.0,46704.93,120000.0,123295.07,3913.6,6174.8
TXN_1056,27,1790808368,user_15@paytm,user_13@paytm,732.34,P2P_TRANSFER,190707.2,0,0,45000.0,44267.66,25000.0,25732.34,3913.6,3798.5
TXN_1057,91,1790734294,user_16@okicici,merchant_04@oksbi,2053.3,MERCHANT_PAYMENT,4906.1,0,0,50000.0,47946.7,120000.0,122053.3,3995.9,7345.3
TXN_1058,10,1790790163,user_16@okicici,user_02@okicici,2063.57,P2P_TRANSFER,293608.8,0,0,45000.0,42936.43,25000.0,27063.57,3995.9,6586.8
TXN_1059,28,1790822723,user_17@okaxis,merchant_02@okicici,4742.61,MERCHANT_PAYMENT,215728.7,0,0,50000.0,45257.39,120000.0,124742.61,5131.6,7039.1
TXN_1060,62,1790840198,user_17@okaxis,merchant_08@okaxis,4392.76,MERCHANT_PAYMENT,163187.5,0,0,50000.0,45607.24,120000.0,124392.76,5131.6,2132.1
TXN_1061,41,1790965740,user_17@okaxis,user_05@okaxis,3011.06,P2P_TRANSFER,25876.7,0,0,45000.0,41988.94,25000.0,28011.06,5131.6,4250.1
TXN_1062,6,1790991200,user_18@oksbi,merchant_04@oksbi,2168.92,MERCHANT_PAYMENT,167876.6,0,0,50000.0,47831.08,120000.0,122168.92,6158.1,4872.6
TXN_1063,65,1790982964,user_18@oksbi,user_05@okaxis,2868.81,P2P_TRANSFER,537061.0,0,0,45000.0,42131.19,25000.0,27868.81,6158.1,3631.9
TXN_1064,81,1790817151,user_19@oksbi,merchant_13@okaxis,1633.4,MERCHANT_PAYMENT,71537.5,0,0,50000.0,48366.6,120000.0,121633.4,3508.3,7537.1
TXN_1065,19,1791109020,user_19@oksbi,merchant_02@okicici,3836.64,MERCHANT_PAYMENT,34308.3,0,0,50000.0,46163.36,120000.0,123836.64,3508.3,4431.7
TXN_1066,90,1791090545,user_19@oksbi,user_10@okicici,825.64,P2P_TRANSFER,490971.6,0,0,45000.0,44174.36,25000.0,25825.64,3508.3,2447.6
TXN_1067,95,1791079870,user_20@paytm,merchant_05@paytm,2124.31,MERCHANT_PAYMENT,55247.3,0,0,50000.0,47875.69,120000.0,122124.31,6776.5,6349.4
TXN_1068,48,1791004711,user_20@paytm,user_23@paytm,3536.93,P2P_TRANSFER,489378.5,0,0,45000.0,41463.07,25000.0,28536.93,6776.5,7276.7
TXN_1069,2,1791026832,user_21@paytm,merchant_15@paytm,4346.09,MERCHANT_PAYMENT,85088.7,0,0,50000.0,45653.91,120000.0,124346.09,4438.1,8249.4
TXN_1070,66,1791013164,user_21@paytm,user_05@okaxis,2508.34,P2P_TRANSFER,23536.8,0,0,45000.0,42491.66,25000.0,27508.34,4438.1,8361.9
TXN_1071,100,1791024648,user_22@paytm,merchant_06@okhdfcbank,2693.84,MERCHANT_PAYMENT,219212.0,0,0,50000.0,47306.16,120000.0,122693.84,4174.8,8576.5
TXN_1072,53,1791092416,user_22@paytm,merchant_14@oksbi,4507.73,MERCHANT_PAYMENT,129287.8,0,0,50000.0,45492.270000000004,120000.0,124507.73,4174.8,2736.2
TXN_1073,81,1790919741,user_22@paytm,user_20@paytm,2087.4,P2P_TRANSFER,79777.8,0,0,45000.0,42912.6,25000.0,27087.4,4174.8,8645.1
TXN_1074,14,1790721771,user_23@paytm,merchant_05@paytm,4200.14,MERCHANT_PAYMENT,51773.3,0,0,50000.0,45799.86,120000.0,124200.14,7108.3,8425.3
TXN_1075,65,1790720353,user_23@paytm,merchant_08@okaxis,2760.3,MERCHANT_PAYMENT,31304.9,0,0,50000.0,47239.7,120000.0,122760.3,7108.3,4916.8
TXN_1076,36,1790912731,user_23@paytm,user_08@okicici,2073.0,P2P_TRANSFER,353087.7,0,0,45000.0,42927.0,25000.0,27073.0,7108.3,2893.4
TXN_1077,38,1791101813,user_24@okaxis,merchant_07@okicici,2183.01,MERCHANT_PAYMENT,173782.5,0,0,50000.0,47816.99,120000.0,122183.01,1083.5,3197.0
TXN_1078,78,1790921393,user_24@okaxis,merchant_02@okicici,469.66,MERCHANT_PAYMENT,131758.0,0,0,50000.0,49530.34,120000.0,120469.66,1083.5,7790.7
TXN_1079,67,1790927506,user_24@okaxis,user_20@paytm,4281.14,P2P_TRANSFER,108508.0,0,0,45000.0,40718.86,25000.0,29281.14,1083.5,2711.9
TXN_1080,5,1791064195,user_25@paytm,merchant_04@oksbi,4265.02,MERCHANT_PAYMENT,165968.7,0,0,50000.0,45734.979999999996,120000.0,124265.02,2093.8,8491.4
TXN_1081,1,1790992070,user_25@paytm,merchant_06@okhdfcbank,4496.58,MERCHANT_PAYMENT,237251.7,0,0,50000.0,45503.42,120000.0,124496.58,2093.8,6481.3
TXN_1082,20,1791063698,user_25@paytm,user_07@okhdfcbank,960.15,P2P_TRANSFER,175984.3,0,0,45000.0,44039.85,25000.0,25960.15,2093.8,7089.4
TXN_1083,67,1790726135,user_26@okhdfcbank,merchant_10@paytm,1905.28,MERCHANT_PAYMENT,154450.8,0,0,50000.0,48094.72,120000.0,121905.28,8018.1,3548.1
TXN_1084,18,1790849887,user_26@okhdfcbank,user_24@okaxis,1775.81,P2P_TRANSFER,129579.3,0,0,45000.0,43224.19,25000.0,26775.81,8018.1,2072.6
TXN_1085,71,1790890738,user_27@okhdfcbank,merchant_06@okhdfcbank,874.99,MERCHANT_PAYMENT,63581.3,0,0,50000.0,49125.01,120000.0,120874.99,5294.2,2849.4
TXN_1086,71,1791121270,user_27@okhdfcbank,user_28@paytm,901.86,P2P_TRANSFER,148018.8,0,0,45000.0,44098.14,25000.0,25901.86,5294.2,3946.9
TXN_1087,19,1790847505,user_28@paytm,merchant_15@paytm,1606.45,MERCHANT_PAYMENT,164706.3,0,0,50000.0,48393.55,120000.0,121606.45,2328.5,2878.9
TXN_1088,46,1790820368,user_28@paytm,user_10@okicici,3263.04,P2P_TRANSFER,127610.5,0,0,45000.0,41736.96,25000.0,28263.04,2328.5,8472.5
TXN_1089,10,1790745560,user_29@paytm,merchant_02@okicici,4416.86,MERCHANT_PAYMENT,165239.6,0,0,50000.0,45583.14,120000.0,124416.86,1441.3,1480.6
TXN_1090,16,1790775657,user_29@paytm,merchant_03@okaxis,4043.84,MERCHANT_PAYMENT,78228.2,0,0,50000.0,45956.16,120000.0,124043.84,1441.3,6074.4
TXN_1091,1,1790852678,user_29@paytm,user_08@okicici,2606.69,P2P_TRANSFER,116565.0,0,0,45000.0,42393.31,25000.0,27606.69,1441.3,3064.5
TXN_1092,27,1790908026,user_30@paytm,merchant_03@okaxis,2360.39,MERCHANT_PAYMENT,14858.5,0,0,50000.0,47639.61,120000.0,122360.39,3153.0,4855.3
TXN_1093,37,1790837824,user_30@paytm,merchant_10@paytm,2414.69,MERCHANT_PAYMENT,152044.2,0,0,50000.0,47585.31,120000.0,122414.69,3153.0,2779.1
TXN_1094,61,1791065863,user_30@paytm,user_06@paytm,3663.23,P2P_TRANSFER,564953.5,0,0,45000.0,41336.77,25000.0,28663.23,3153.0,863.8
TXN_SCAM_1095,1,1791126089,victim_01@upi,mule_L1_01@upi,31950.33,DISPERSAL_L1,83,1,1,95000.0,63049.67,0.0,31950.33,2400.0,16.6
TXN_SCAM_1096,1,1791126089,victim_01@upi,mule_L1_02@upi,34743.81,DISPERSAL_L1,66,1,1,95000.0,60256.19,0.0,34743.81,2400.0,9.1
TXN_SCAM_1097,1,1791126089,victim_01@upi,mule_L1_03@upi,30613.6,DISPERSAL_L1,37,1,1,95000.0,64386.4,0.0,30613.6,2400.0,11.2
TXN_MULE_1098,2,1791126179,mule_L1_01@upi,mule_L2_01@upi,12458.58,DISPERSAL_L2,75,1,1,25000.0,12541.42,500.0,12958.58,6.3,3.2
TXN_MULE_1099,2,1791126179,mule_L1_01@upi,mule_L2_02@upi,11562.62,DISPERSAL_L2,95,1,1,25000.0,13437.38,500.0,12062.62,15.6,11.5
TXN_MULE_1100,2,1791126179,mule_L1_02@upi,mule_L2_03@upi,12329.02,DISPERSAL_L2,52,1,1,25000.0,12670.98,500.0,12829.02,8.4,6.3
TXN_MULE_1101,2,1791126179,mule_L1_02@upi,mule_L2_04@upi,13614.45,DISPERSAL_L2,61,1,1,25000.0,11385.55,500.0,14114.45,11.5,4.0
TXN_MULE_1102,2,1791126179,mule_L1_03@upi,mule_L2_05@upi,14085.82,DISPERSAL_L2,43,1,1,25000.0,10914.18,500.0,14585.82,9.6,10.7
TXN_MULE_1103,2,1791126179,mule_L1_03@upi,mule_L2_06@upi,11983.16,DISPERSAL_L2,102,1,1,25000.0,13016.84,500.0,12483.16,8.2,3.8
TXN_SMURF_A_1104,2,1791126209,mule_L1_01@upi,mule_smurf_01@upi,3433.16,SMURF_BUFFER,32,1,1,15000.0,11566.84,100.0,3533.16,12.0,18.1
TXN_SMURF_B_1105,3,1791126259,mule_smurf_01@upi,mule_L2_02@upi,3305.6,SMURF_BUFFER,50,1,1,3433.16,127.55999999999995,12000.0,15305.6,9.9,11.1
TXN_SMURF_A_1106,2,1791126209,mule_L1_02@upi,mule_smurf_02@upi,3732.38,SMURF_BUFFER,35,1,1,15000.0,11267.619999999999,100.0,3832.38,12.0,6.8
TXN_SMURF_B_1107,3,1791126259,mule_smurf_02@upi,mule_L2_03@upi,3624.75,SMURF_BUFFER,60,1,1,3732.38,107.63000000000011,12000.0,15624.75,7.0,5.9
TXN_SMURF_A_1108,2,1791126209,mule_L1_03@upi,mule_smurf_03@upi,4043.63,SMURF_BUFFER,67,1,1,15000.0,10956.369999999999,100.0,4143.63,12.0,20.0
TXN_SMURF_B_1109,3,1791126259,mule_smurf_03@upi,mule_L2_04@upi,3967.01,SMURF_BUFFER,73,1,1,4043.63,76.61999999999989,12000.0,15967.01,6.6,4.1
TXN_SMURF_A_1110,2,1791126209,mule_L1_01@upi,mule_smurf_04@upi,3094.7,SMURF_BUFFER,81,1,1,15000.0,11905.3,100.0,3194.7,12.0,9.4
TXN_SMURF_B_1111,3,1791126259,mule_smurf_04@upi,mule_L2_05@upi,2996.27,SMURF_BUFFER,40,1,1,3094.7,98.42999999999984,12000.0,14996.27,19.4,6.6
TXN_CASHOUT_1112,4,1791126299,mule_L2_01@upi,aggregator_hub_01@upi,11727.85,CASHOUT_HUB,39,1,1,14000.0,2272.1499999999996,45000.0,56727.85,10.1,14.0
TXN_CASHOUT_1113,4,1791126299,mule_L2_02@upi,aggregator_hub_01@upi,12905.25,CASHOUT_HUB,72,1,1,14000.0,1094.75,45000.0,57905.25,7.9,14.0
TXN_CASHOUT_1114,4,1791126299,mule_L2_03@upi,aggregator_hub_01@upi,12012.99,CASHOUT_HUB,40,1,1,14000.0,1987.0100000000002,45000.0,57012.99,7.4,14.0
TXN_CASHOUT_1115,4,1791126299,mule_L2_04@upi,aggregator_hub_01@upi,12920.14,CASHOUT_HUB,40,1,1,14000.0,1079.8600000000006,45000.0,57920.14,2.5,14.0
TXN_CASHOUT_1116,4,1791126299,mule_L2_05@upi,aggregator_hub_01@upi,11116.57,CASHOUT_HUB,54,1,1,14000.0,2883.4300000000003,45000.0,56116.57,8.6,14.0
TXN_CASHOUT_1117,4,1791126299,mule_L2_06@upi,aggregator_hub_01@upi,13693.87,CASHOUT_HUB,75,1,1,14000.0,306.1299999999992,45000.0,58693.87,11.8,14.0
